[
{
    "pk": 1, 
    "model": "auth.permission", 
    "fields": {
        "codename": "add_migrationhistory", 
        "name": "Can add migration history", 
        "content_type": 1
    }
},
{
    "pk": 2, 
    "model": "auth.permission", 
    "fields": {
        "codename": "change_migrationhistory", 
        "name": "Can change migration history", 
        "content_type": 1
    }
},
{
    "pk": 3, 
    "model": "auth.permission", 
    "fields": {
        "codename": "delete_migrationhistory", 
        "name": "Can delete migration history", 
        "content_type": 1
    }
},
{
    "pk": 4, 
    "model": "auth.permission", 
    "fields": {
        "codename": "add_permission", 
        "name": "Can add permission", 
        "content_type": 2
    }
},
{
    "pk": 5, 
    "model": "auth.permission", 
    "fields": {
        "codename": "change_permission", 
        "name": "Can change permission", 
        "content_type": 2
    }
},
{
    "pk": 6, 
    "model": "auth.permission", 
    "fields": {
        "codename": "delete_permission", 
        "name": "Can delete permission", 
        "content_type": 2
    }
},
{
    "pk": 7, 
    "model": "auth.permission", 
    "fields": {
        "codename": "add_group", 
        "name": "Can add group", 
        "content_type": 3
    }
},
{
    "pk": 8, 
    "model": "auth.permission", 
    "fields": {
        "codename": "change_group", 
        "name": "Can change group", 
        "content_type": 3
    }
},
{
    "pk": 9, 
    "model": "auth.permission", 
    "fields": {
        "codename": "delete_group", 
        "name": "Can delete group", 
        "content_type": 3
    }
},
{
    "pk": 10, 
    "model": "auth.permission", 
    "fields": {
        "codename": "add_contenttype", 
        "name": "Can add content type", 
        "content_type": 4
    }
},
{
    "pk": 11, 
    "model": "auth.permission", 
    "fields": {
        "codename": "change_contenttype", 
        "name": "Can change content type", 
        "content_type": 4
    }
},
{
    "pk": 12, 
    "model": "auth.permission", 
    "fields": {
        "codename": "delete_contenttype", 
        "name": "Can delete content type", 
        "content_type": 4
    }
},
{
    "pk": 13, 
    "model": "auth.permission", 
    "fields": {
        "codename": "add_session", 
        "name": "Can add session", 
        "content_type": 5
    }
},
{
    "pk": 14, 
    "model": "auth.permission", 
    "fields": {
        "codename": "change_session", 
        "name": "Can change session", 
        "content_type": 5
    }
},
{
    "pk": 15, 
    "model": "auth.permission", 
    "fields": {
        "codename": "delete_session", 
        "name": "Can delete session", 
        "content_type": 5
    }
},
{
    "pk": 16, 
    "model": "auth.permission", 
    "fields": {
        "codename": "add_logentry", 
        "name": "Can add log entry", 
        "content_type": 6
    }
},
{
    "pk": 17, 
    "model": "auth.permission", 
    "fields": {
        "codename": "change_logentry", 
        "name": "Can change log entry", 
        "content_type": 6
    }
},
{
    "pk": 18, 
    "model": "auth.permission", 
    "fields": {
        "codename": "delete_logentry", 
        "name": "Can delete log entry", 
        "content_type": 6
    }
},
{
    "pk": 19, 
    "model": "auth.permission", 
    "fields": {
        "codename": "add_registrationprofile", 
        "name": "Can add registration profile", 
        "content_type": 7
    }
},
{
    "pk": 20, 
    "model": "auth.permission", 
    "fields": {
        "codename": "change_registrationprofile", 
        "name": "Can change registration profile", 
        "content_type": 7
    }
},
{
    "pk": 21, 
    "model": "auth.permission", 
    "fields": {
        "codename": "delete_registrationprofile", 
        "name": "Can delete registration profile", 
        "content_type": 7
    }
},
{
    "pk": 22, 
    "model": "auth.permission", 
    "fields": {
        "codename": "add_timtecregistrationprofile", 
        "name": "Can add timtec registration profile", 
        "content_type": 8
    }
},
{
    "pk": 23, 
    "model": "auth.permission", 
    "fields": {
        "codename": "change_timtecregistrationprofile", 
        "name": "Can change timtec registration profile", 
        "content_type": 8
    }
},
{
    "pk": 24, 
    "model": "auth.permission", 
    "fields": {
        "codename": "delete_timtecregistrationprofile", 
        "name": "Can delete timtec registration profile", 
        "content_type": 8
    }
},
{
    "pk": 25, 
    "model": "auth.permission", 
    "fields": {
        "codename": "add_timtecuser", 
        "name": "Can add user", 
        "content_type": 9
    }
},
{
    "pk": 26, 
    "model": "auth.permission", 
    "fields": {
        "codename": "change_timtecuser", 
        "name": "Can change user", 
        "content_type": 9
    }
},
{
    "pk": 27, 
    "model": "auth.permission", 
    "fields": {
        "codename": "delete_timtecuser", 
        "name": "Can delete user", 
        "content_type": 9
    }
},
{
    "pk": 28, 
    "model": "auth.permission", 
    "fields": {
        "codename": "add_video", 
        "name": "Can add Video", 
        "content_type": 10
    }
},
{
    "pk": 29, 
    "model": "auth.permission", 
    "fields": {
        "codename": "change_video", 
        "name": "Can change Video", 
        "content_type": 10
    }
},
{
    "pk": 30, 
    "model": "auth.permission", 
    "fields": {
        "codename": "delete_video", 
        "name": "Can delete Video", 
        "content_type": 10
    }
},
{
    "pk": 31, 
    "model": "auth.permission", 
    "fields": {
        "codename": "add_course", 
        "name": "Can add Course", 
        "content_type": 11
    }
},
{
    "pk": 32, 
    "model": "auth.permission", 
    "fields": {
        "codename": "change_course", 
        "name": "Can change Course", 
        "content_type": 11
    }
},
{
    "pk": 33, 
    "model": "auth.permission", 
    "fields": {
        "codename": "delete_course", 
        "name": "Can delete Course", 
        "content_type": 11
    }
},
{
    "pk": 34, 
    "model": "auth.permission", 
    "fields": {
        "codename": "add_coursestudent", 
        "name": "Can add course student", 
        "content_type": 12
    }
},
{
    "pk": 35, 
    "model": "auth.permission", 
    "fields": {
        "codename": "change_coursestudent", 
        "name": "Can change course student", 
        "content_type": 12
    }
},
{
    "pk": 36, 
    "model": "auth.permission", 
    "fields": {
        "codename": "delete_coursestudent", 
        "name": "Can delete course student", 
        "content_type": 12
    }
},
{
    "pk": 37, 
    "model": "auth.permission", 
    "fields": {
        "codename": "add_courseprofessor", 
        "name": "Can add Course Professor", 
        "content_type": 13
    }
},
{
    "pk": 38, 
    "model": "auth.permission", 
    "fields": {
        "codename": "change_courseprofessor", 
        "name": "Can change Course Professor", 
        "content_type": 13
    }
},
{
    "pk": 39, 
    "model": "auth.permission", 
    "fields": {
        "codename": "delete_courseprofessor", 
        "name": "Can delete Course Professor", 
        "content_type": 13
    }
},
{
    "pk": 40, 
    "model": "auth.permission", 
    "fields": {
        "codename": "add_lesson", 
        "name": "Can add Lesson", 
        "content_type": 14
    }
},
{
    "pk": 41, 
    "model": "auth.permission", 
    "fields": {
        "codename": "change_lesson", 
        "name": "Can change Lesson", 
        "content_type": 14
    }
},
{
    "pk": 42, 
    "model": "auth.permission", 
    "fields": {
        "codename": "delete_lesson", 
        "name": "Can delete Lesson", 
        "content_type": 14
    }
},
{
    "pk": 43, 
    "model": "auth.permission", 
    "fields": {
        "codename": "add_activity", 
        "name": "Can add Activity", 
        "content_type": 15
    }
},
{
    "pk": 44, 
    "model": "auth.permission", 
    "fields": {
        "codename": "change_activity", 
        "name": "Can change Activity", 
        "content_type": 15
    }
},
{
    "pk": 45, 
    "model": "auth.permission", 
    "fields": {
        "codename": "delete_activity", 
        "name": "Can delete Activity", 
        "content_type": 15
    }
},
{
    "pk": 46, 
    "model": "auth.permission", 
    "fields": {
        "codename": "add_unit", 
        "name": "Can add Unit", 
        "content_type": 16
    }
},
{
    "pk": 47, 
    "model": "auth.permission", 
    "fields": {
        "codename": "change_unit", 
        "name": "Can change Unit", 
        "content_type": 16
    }
},
{
    "pk": 48, 
    "model": "auth.permission", 
    "fields": {
        "codename": "delete_unit", 
        "name": "Can delete Unit", 
        "content_type": 16
    }
},
{
    "pk": 49, 
    "model": "auth.permission", 
    "fields": {
        "codename": "add_answer", 
        "name": "Can add Answer", 
        "content_type": 17
    }
},
{
    "pk": 50, 
    "model": "auth.permission", 
    "fields": {
        "codename": "change_answer", 
        "name": "Can change Answer", 
        "content_type": 17
    }
},
{
    "pk": 51, 
    "model": "auth.permission", 
    "fields": {
        "codename": "delete_answer", 
        "name": "Can delete Answer", 
        "content_type": 17
    }
},
{
    "pk": 52, 
    "model": "auth.permission", 
    "fields": {
        "codename": "add_studentprogress", 
        "name": "Can add Student Progress", 
        "content_type": 18
    }
},
{
    "pk": 53, 
    "model": "auth.permission", 
    "fields": {
        "codename": "change_studentprogress", 
        "name": "Can change Student Progress", 
        "content_type": 18
    }
},
{
    "pk": 54, 
    "model": "auth.permission", 
    "fields": {
        "codename": "delete_studentprogress", 
        "name": "Can delete Student Progress", 
        "content_type": 18
    }
},
{
    "pk": 55, 
    "model": "auth.permission", 
    "fields": {
        "codename": "add_question", 
        "name": "Can add question", 
        "content_type": 19
    }
},
{
    "pk": 56, 
    "model": "auth.permission", 
    "fields": {
        "codename": "change_question", 
        "name": "Can change question", 
        "content_type": 19
    }
},
{
    "pk": 57, 
    "model": "auth.permission", 
    "fields": {
        "codename": "delete_question", 
        "name": "Can delete question", 
        "content_type": 19
    }
},
{
    "pk": 58, 
    "model": "auth.permission", 
    "fields": {
        "codename": "add_answer", 
        "name": "Can add answer", 
        "content_type": 20
    }
},
{
    "pk": 59, 
    "model": "auth.permission", 
    "fields": {
        "codename": "change_answer", 
        "name": "Can change answer", 
        "content_type": 20
    }
},
{
    "pk": 60, 
    "model": "auth.permission", 
    "fields": {
        "codename": "delete_answer", 
        "name": "Can delete answer", 
        "content_type": 20
    }
},
{
    "pk": 61, 
    "model": "auth.permission", 
    "fields": {
        "codename": "add_vote", 
        "name": "Can add vote", 
        "content_type": 21
    }
},
{
    "pk": 62, 
    "model": "auth.permission", 
    "fields": {
        "codename": "change_vote", 
        "name": "Can change vote", 
        "content_type": 21
    }
},
{
    "pk": 63, 
    "model": "auth.permission", 
    "fields": {
        "codename": "delete_vote", 
        "name": "Can delete vote", 
        "content_type": 21
    }
},
{
    "pk": 64, 
    "model": "auth.permission", 
    "fields": {
        "codename": "add_questionvote", 
        "name": "Can add question vote", 
        "content_type": 22
    }
},
{
    "pk": 65, 
    "model": "auth.permission", 
    "fields": {
        "codename": "change_questionvote", 
        "name": "Can change question vote", 
        "content_type": 22
    }
},
{
    "pk": 66, 
    "model": "auth.permission", 
    "fields": {
        "codename": "delete_questionvote", 
        "name": "Can delete question vote", 
        "content_type": 22
    }
},
{
    "pk": 67, 
    "model": "auth.permission", 
    "fields": {
        "codename": "add_answervote", 
        "name": "Can add answer vote", 
        "content_type": 23
    }
},
{
    "pk": 68, 
    "model": "auth.permission", 
    "fields": {
        "codename": "change_answervote", 
        "name": "Can change answer vote", 
        "content_type": 23
    }
},
{
    "pk": 69, 
    "model": "auth.permission", 
    "fields": {
        "codename": "delete_answervote", 
        "name": "Can delete answer vote", 
        "content_type": 23
    }
},
{
    "pk": 70, 
    "model": "auth.permission", 
    "fields": {
        "codename": "add_coursematerial", 
        "name": "Can add course material", 
        "content_type": 24
    }
},
{
    "pk": 71, 
    "model": "auth.permission", 
    "fields": {
        "codename": "change_coursematerial", 
        "name": "Can change course material", 
        "content_type": 24
    }
},
{
    "pk": 72, 
    "model": "auth.permission", 
    "fields": {
        "codename": "delete_coursematerial", 
        "name": "Can delete course material", 
        "content_type": 24
    }
},
{
    "pk": 73, 
    "model": "auth.permission", 
    "fields": {
        "codename": "add_file", 
        "name": "Can add file", 
        "content_type": 25
    }
},
{
    "pk": 74, 
    "model": "auth.permission", 
    "fields": {
        "codename": "change_file", 
        "name": "Can change file", 
        "content_type": 25
    }
},
{
    "pk": 75, 
    "model": "auth.permission", 
    "fields": {
        "codename": "delete_file", 
        "name": "Can delete file", 
        "content_type": 25
    }
},
{
    "pk": 1, 
    "model": "auth.group", 
    "fields": {
        "name": "students", 
        "permissions": [
            49, 
            50, 
            51, 
            34, 
            35, 
            36, 
            52, 
            53, 
            54, 
            58, 
            59, 
            67, 
            68, 
            69, 
            55, 
            56, 
            64, 
            65, 
            66
        ]
    }
},
{
    "pk": 2, 
    "model": "auth.group", 
    "fields": {
        "name": "professors", 
        "permissions": [
            43, 
            44, 
            45, 
            49, 
            50, 
            51, 
            32, 
            33, 
            37, 
            38, 
            39, 
            34, 
            35, 
            36, 
            40, 
            41, 
            42, 
            52, 
            53, 
            54, 
            46, 
            47, 
            48, 
            28, 
            29, 
            30, 
            70, 
            71, 
            72, 
            73, 
            74, 
            75, 
            58, 
            59, 
            60, 
            67, 
            68, 
            69, 
            55, 
            56, 
            57, 
            64, 
            65, 
            66
        ]
    }
},
{
    "pk": 1, 
    "model": "core.timtecuser", 
    "fields": {
        "username": "admin", 
        "picture": "", 
        "first_name": "", 
        "last_name": "", 
        "city": "", 
        "occupation": "", 
        "is_active": true, 
        "site": "", 
        "is_superuser": true, 
        "is_staff": true, 
        "last_login": "2013-10-31T20:54:43.231Z", 
        "groups": [], 
        "user_permissions": [], 
        "password": "pbkdf2_sha256$12000$6jZUgMll59N0$8Agxy3FdTAF9jP9KcOsrZ3OFaDWDBtn+rEImBTSu5OU=", 
        "email": "timtectimtec@gmail.com", 
        "biography": "", 
        "date_joined": "2013-10-28T20:42:19.086Z"
    }
},
{
    "pk": 1, 
    "model": "core.video", 
    "fields": {
        "name": "HTML5 - Introdu\u00e7\u00e3o", 
        "youtube_id": "DoaXWR3dm1I"
    }
},
{
    "pk": 2, 
    "model": "core.video", 
    "fields": {
        "name": "Origem e evolu\u00e7\u00e3o da Internet", 
        "youtube_id": "dj5bUwrboe4"
    }
},
{
    "pk": 3, 
    "model": "core.video", 
    "fields": {
        "name": "Aula 1 - Unidade 2", 
        "youtube_id": "2Y4haKDP1U0"
    }
},
{
    "pk": 4, 
    "model": "core.video", 
    "fields": {
        "name": "Aula 1 - Unidade 3", 
        "youtube_id": "7DGE3DgQMMU"
    }
},
{
    "pk": 5, 
    "model": "core.video", 
    "fields": {
        "name": "Aula 1 - Unidade 4", 
        "youtube_id": "pK5pUzfux1I"
    }
},
{
    "pk": 6, 
    "model": "core.video", 
    "fields": {
        "name": "Aula 1 - Unidade 5", 
        "youtube_id": "KpVJ8Xfo1d0"
    }
},
{
    "pk": 7, 
    "model": "core.video", 
    "fields": {
        "name": "Aula 1 - Unidade 6", 
        "youtube_id": "XGwtiiiq_dg"
    }
},
{
    "pk": 8, 
    "model": "core.video", 
    "fields": {
        "name": "Aula 1 - Unidade 7", 
        "youtube_id": "tWwVp0MpgT8"
    }
},
{
    "pk": 9, 
    "model": "core.video", 
    "fields": {
        "name": "Aula 1 - Unidade 8", 
        "youtube_id": "v4O1IhqG8FI"
    }
},
{
    "pk": 10, 
    "model": "core.video", 
    "fields": {
        "name": "Aula 1 - Unidade 9", 
        "youtube_id": "7RqDvNNnesA"
    }
},
{
    "pk": 11, 
    "model": "core.video", 
    "fields": {
        "name": "Aula 1 - Unidade 10", 
        "youtube_id": "aYykOOLtW-s"
    }
},
{
    "pk": 12, 
    "model": "core.video", 
    "fields": {
        "name": "Introdu\u00e7\u00e3o", 
        "youtube_id": "DoaXWR3dm1I"
    }
},
{
    "pk": 1, 
    "model": "core.course", 
    "fields": {
        "status": "new", 
        "requirement": "\u00c9 necess\u00e1rio que o interessado possua conhecimentos b\u00e1sicos de navega\u00e7\u00e3o e pesquisa na web e dos recursos elementares  (copiar, colar, salvar, criar e organizar pastas) de algum sistema operacional como Windows, MAC ou Linux.", 
        "workload": "40 horas\r\n\r\nA agenda de dedica\u00e7\u00e3o estimada para o aluno \u00e9 de 10 horas por semana: 3 horas para assistir \u00e0s aulas em v\u00eddeo e 7 horas para realizar os exerc\u00edcios propostos. Recomenda-se a utiliza\u00e7\u00e3o da plataforma por cerca de duas horas di\u00e1rias.", 
        "intro_video": 1, 
        "pronatec": "Eixo Tecnol\u00f3gico: Informa\u00e7\u00e3o e Comunica\u00e7\u00e3o \r\n\r\nT\u00edtulos semelhantes oferecidos Guia PRONATEC de cursos FIC:\r\nProgramador Web\r\nDesenhista de Produtos Gr\u00e1ficos Web\r\nProgramador de Dispositivos M\u00f3veis\r\n\r\nAlguns  nomes atribu\u00eddos a estes profissionais :\r\n\r\nDesenvolvedor Front End\r\nWeb Designer", 
        "abstract": "Este curso \u00e9 para interessados em compreender e estruturar o c\u00f3digo do corpo de uma aplica\u00e7\u00e3o Web, utilizando os padr\u00f5es recomendados pelo w3C. Ser\u00e3o discutidas as aplica\u00e7\u00f5es dos principais elementos das linguagens HTML5 e CSS3 e de recursos b\u00e1sicos de interatividade oferecidos pela biblioteca jQuery da linguagem JavaScript.", 
        "application": "O mercado web est\u00e1 em franco crescimento: tecnologia, comunica\u00e7\u00e3o, entretenimento educa\u00e7\u00e3o, sa\u00fade, praticamente todas as \u00e1reas  do conhecimento demandam por produtos e servi\u00e7os oferecidos pela web.\r\nNeste cen\u00e1rio um profissional se destaca o desenvolvedor Front End, ele \u00e9 o respons\u00e1vel por garantir o correta configura\u00e7\u00e3o, visualiza\u00e7\u00e3o do conte\u00fado na tela do usu\u00e1rio - no navegador, - seja em computadores desktops, tablets, celulares ou em qualquer  diapositivos que acesse a web.", 
        "publication": "2013-10-28", 
        "slug": "html5", 
        "structure": "V\u00eddeo aulas ( 12 horas )\r\nTestes On Line\r\nLeitura de material did\u00e1tico de apoio\r\nExerc\u00edcios individuais de aplica\u00e7\u00e3o", 
        "name": "HTML5 - Introdu\u00e7\u00e3o ao Front End"
    }
},
{
    "pk": 1, 
    "model": "core.coursestudent", 
    "fields": {
        "course": 1, 
        "user": 1
    }
},
{
    "pk": 1, 
    "model": "core.lesson", 
    "fields": {
        "name": "Internet e Web", 
        "notes": "Teste", 
        "course": 1, 
        "position": 0, 
        "slug": "internet-e-web", 
        "desc": "Quais s\u00e3o as rela\u00e7\u00f5es e as diferen\u00e7as entre Internet e Web. A Web e as camadas de desenvolvimento do lado do usu\u00e1rio"
    }
},
{
    "pk": 2, 
    "model": "core.lesson", 
    "fields": {
        "name": "Montando a estrutura de um documento HTML", 
        "notes": "", 
        "course": 1, 
        "position": 2, 
        "slug": "montando-a-estrutura-de-um-documento-html", 
        "desc": "O corpo b\u00e1sico e nova estrutura sem\u00e2ntica de um documento na vers\u00e3o HTML5"
    }
},
{
    "pk": 3, 
    "model": "core.lesson", 
    "fields": {
        "name": "Grupos de conte\u00fado e elementos sem\u00e2nticos de texto", 
        "notes": "", 
        "course": 1, 
        "position": 1, 
        "slug": "grupos-de-conteudo-e-elementos-semanticos-de-texto", 
        "desc": "Como estruturar semanticamente a marca\u00e7\u00e3o de conte\u00fado de texto em um documento HTML"
    }
},
{
    "pk": 4, 
    "model": "core.lesson", 
    "fields": {
        "name": "Conte\u00fado Multim\u00eddia", 
        "notes": "", 
        "course": 1, 
        "position": 3, 
        "slug": "conteudo-multimidia", 
        "desc": "Como inserir elementos de m\u00eddia (imagens, \u00e1udio, v\u00eddeo) em um documento HTML"
    }
},
{
    "pk": 5, 
    "model": "core.lesson", 
    "fields": {
        "name": "Tabelas e Formul\u00e1rios", 
        "notes": "", 
        "course": 1, 
        "position": 4, 
        "slug": "tabelas-e-formularios", 
        "desc": "Como construir tabelas para a exibi\u00e7\u00e3o de dados tabulares\r\n\r\nCria\u00e7\u00e3o de um formul\u00e1rio com uso dos atributos sem\u00e2nticos."
    }
},
{
    "pk": 6, 
    "model": "core.lesson", 
    "fields": {
        "name": "Metadados e Cabe\u00e7alho", 
        "notes": "", 
        "course": 1, 
        "position": 5, 
        "slug": "metadados-e-cabecalho", 
        "desc": "A constru\u00e7\u00e3o dos metadados e localiza\u00e7\u00e3o dos scripts"
    }
},
{
    "pk": 7, 
    "model": "core.lesson", 
    "fields": {
        "name": "Introdu\u00e7\u00e3o ao CSS", 
        "notes": "", 
        "course": 1, 
        "position": 6, 
        "slug": "introducao-ao-css", 
        "desc": "O que \u00e9 CSS, quais suas caracter\u00edsticas e como incluir uma camada de estilo CSS em um documento HTML"
    }
},
{
    "pk": 8, 
    "model": "core.lesson", 
    "fields": {
        "name": "Cores e Backgrounds", 
        "notes": "", 
        "course": 1, 
        "position": 7, 
        "slug": "cores-e-backgrounds", 
        "desc": "Formata\u00e7\u00e3o de cores e elementos de fundo com o uso do CSS"
    }
},
{
    "pk": 9, 
    "model": "core.lesson", 
    "fields": {
        "name": "Fontes, textos, listas e links", 
        "notes": "", 
        "course": 1, 
        "position": 8, 
        "slug": "fontes-textos-listas-e-links", 
        "desc": "Formata\u00e7\u00e3o das propriedades de fontes, textos, listas e links via CSS"
    }
},
{
    "pk": 10, 
    "model": "core.lesson", 
    "fields": {
        "name": "Box Model, Classe, ID e outros", 
        "notes": "", 
        "course": 1, 
        "position": 9, 
        "slug": "box-model-classe-id-e-outros", 
        "desc": "Formatar e manipular de elementos de layout e de imagens baseados no entendimento do conceito de Box Model. \r\n\r\nConceitos e usos de classes e IDS na formata\u00e7\u00e3o CSS\r\n\r\nAnima\u00e7\u00e3o CSS3"
    }
},
{
    "pk": 11, 
    "model": "core.lesson", 
    "fields": {
        "name": "Introdu\u00e7\u00e3o ao JavaScript", 
        "notes": "", 
        "course": 1, 
        "position": 10, 
        "slug": "introducao-ao-javascript", 
        "desc": "Como criar um camada de comportamento JavaScript em um documento HTML\r\n\r\nSintaxe e exemplos simples de uso da linguagem JavaScript como elemento interativo dentro do HTML"
    }
},
{
    "pk": 12, 
    "model": "core.lesson", 
    "fields": {
        "name": "No\u00e7\u00f5es de jQuery", 
        "notes": "", 
        "course": 1, 
        "position": 11, 
        "slug": "nocoes-de-jquery", 
        "desc": "Conceito de Bibliotecas JavaScript\r\nBiblioteca jQuery: Instala\u00e7\u00e3o e sintaxe\r\nExemplos simples de aplica\u00e7\u00e3o"
    }
},
{
    "pk": 13, 
    "model": "core.lesson", 
    "fields": {
        "name": "Mesa redonda", 
        "notes": "", 
        "course": 1, 
        "position": 12, 
        "slug": "mesa-redonda", 
        "desc": " "
    }
},
{
    "pk": 1, 
    "model": "core.activity", 
    "fields": {
        "expected": "[false,false,true,true,true]", 
        "data": "{\"question\":\"Marque verdadeiro ou falso para as afirma\\u00e7\\u00f5es abaixo\",\"alternatives\":[\"A web nasceu nos anos 1960.\",\"A Internet surgiu nos anos 1990.\",\"A Internet nasceu como uma rede de computadores.\",\"A Internet nasce a partir de necessidades militares.\",\"Tim Berners-Lee \\u00e9 considerado o pai da Web.\"]}", 
        "type": "trueorfalse"
    }
},
{
    "pk": 2, 
    "model": "core.activity", 
    "fields": {
        "expected": "[false,false,false,true]", 
        "data": "{\"question\":\"Marque qual dos programas abaixo \\u00e9 um Browser/Navegador\",\"alternatives\":[\"Microsoft Word\",\"Adobe Photoshop\",\"Ubuntu\",\"Firefox\"]}", 
        "type": "multiplechoice"
    }
},
{
    "pk": 3, 
    "model": "core.activity", 
    "fields": {
        "expected": "[2,1,4,3]", 
        "data": "{\"column1\":[\"Protocolo\",\"Servidor\",\"Caminho\",\"Recurso\"],\"question\":\"Usando a URL http://flatschart.com/html5/estrutura.html fa\\u00e7a a correspond\\u00eancia entre as duas colunas:\",\"column2\":[\"flatschart.com/\",\"http://\",\"estrutura.html\",\"html5/\"]}", 
        "type": "relationship"
    }
},
{
    "pk": 4, 
    "model": "core.activity", 
    "fields": {
        "expected": "[3,1,2]", 
        "data": "{\"question\":\"Em um website esportivo, uma not\\u00edcia sobre um jogo de futebol pode conter textos, recursos visuais e interatividade. Relacione os recursos com as camadas front end:\",\"column1\":[\"Texto da not\\u00edcia\",\"Cores e fontes\",\"Galeria interativa de imagens\"],\"column2\":[\"Javascript\",\"HTML\",\"CSS\"]}", 
        "type": "relationship"
    }
},
{
    "pk": 5, 
    "model": "core.activity", 
    "fields": {
        "expected": "{\"expected_answer\":\"<b>Ol\\u00e1 mundo</b>\"}", 
        "data": "{\"data\":\"<b>oi mundo</b>\"}", 
        "type": "html5"
    }
},
{
    "pk": 1, 
    "model": "core.unit", 
    "fields": {
        "position": 1, 
        "lesson": 1, 
        "video": 2, 
        "activity": null
    }
},
{
    "pk": 2, 
    "model": "core.unit", 
    "fields": {
        "position": 2, 
        "lesson": 1, 
        "video": 3, 
        "activity": 1
    }
},
{
    "pk": 3, 
    "model": "core.unit", 
    "fields": {
        "position": 3, 
        "lesson": 1, 
        "video": 4, 
        "activity": 2
    }
},
{
    "pk": 4, 
    "model": "core.unit", 
    "fields": {
        "position": 4, 
        "lesson": 1, 
        "video": 5, 
        "activity": 3
    }
},
{
    "pk": 5, 
    "model": "core.unit", 
    "fields": {
        "position": 5, 
        "lesson": 1, 
        "video": 6, 
        "activity": 4
    }
},
{
    "pk": 6, 
    "model": "core.unit", 
    "fields": {
        "position": 6, 
        "lesson": 1, 
        "video": 7, 
        "activity": null
    }
},
{
    "pk": 7, 
    "model": "core.unit", 
    "fields": {
        "position": 7, 
        "lesson": 1, 
        "video": 8, 
        "activity": null
    }
},
{
    "pk": 8, 
    "model": "core.unit", 
    "fields": {
        "position": 8, 
        "lesson": 1, 
        "video": 9, 
        "activity": null
    }
},
{
    "pk": 9, 
    "model": "core.unit", 
    "fields": {
        "position": 9, 
        "lesson": 1, 
        "video": 10, 
        "activity": null
    }
},
{
    "pk": 10, 
    "model": "core.unit", 
    "fields": {
        "position": 10, 
        "lesson": 1, 
        "video": 11, 
        "activity": null
    }
},
{
    "pk": 11, 
    "model": "core.unit", 
    "fields": {
        "position": 0, 
        "lesson": 1, 
        "video": 12, 
        "activity": null
    }
},
{
    "pk": 1, 
    "model": "core.answer", 
    "fields": {
        "timestamp": "2013-10-31T14:26:47.637Z", 
        "given": "[false,false,false,false,false]", 
        "user": 1, 
        "activity": 1
    }
},
{
    "pk": 2, 
    "model": "core.answer", 
    "fields": {
        "timestamp": "2013-10-31T14:29:35.984Z", 
        "given": "[false,false,true,true,true]", 
        "user": 1, 
        "activity": 1
    }
},
{
    "pk": 3, 
    "model": "core.answer", 
    "fields": {
        "timestamp": "2013-10-31T14:29:39.692Z", 
        "given": "[false,false,true,true,true]", 
        "user": 1, 
        "activity": 1
    }
},
{
    "pk": 4, 
    "model": "core.answer", 
    "fields": {
        "timestamp": "2013-10-31T14:29:41.403Z", 
        "given": "[false,false,true,true,true]", 
        "user": 1, 
        "activity": 1
    }
},
{
    "pk": 5, 
    "model": "core.answer", 
    "fields": {
        "timestamp": "2013-10-31T14:38:46.046Z", 
        "given": "[false,false,true,true]", 
        "user": 1, 
        "activity": 2
    }
},
{
    "pk": 6, 
    "model": "core.answer", 
    "fields": {
        "timestamp": "2013-10-31T14:38:48.813Z", 
        "given": "[false,false,false,true]", 
        "user": 1, 
        "activity": 2
    }
},
{
    "pk": 1, 
    "model": "core.studentprogress", 
    "fields": {
        "last_access": "2013-10-31T14:29:41.412Z", 
        "user": 1, 
        "unit": 2, 
        "complete": "2013-10-31T14:29:41.412Z"
    }
},
{
    "pk": 2, 
    "model": "core.studentprogress", 
    "fields": {
        "last_access": "2013-10-31T14:38:48.831Z", 
        "user": 1, 
        "unit": 3, 
        "complete": "2013-10-31T14:38:48.831Z"
    }
},
{
    "pk": 3, 
    "model": "core.studentprogress", 
    "fields": {
        "last_access": "2013-10-31T14:41:42.866Z", 
        "user": 1, 
        "unit": 4, 
        "complete": "2013-10-31T14:41:42.863Z"
    }
},
{
    "pk": 4, 
    "model": "core.studentprogress", 
    "fields": {
        "last_access": "2013-10-31T15:09:30.982Z", 
        "user": 1, 
        "unit": 8, 
        "complete": "2013-10-31T15:09:30.978Z"
    }
},
{
    "pk": 1, 
    "model": "course_material.coursematerial", 
    "fields": {
        "course": 1, 
        "text": "Materiais gratuitos e oficiais do W3C Brasil\r\n\r\nCurso HTML5 - W3C\r\n[http://www.w3c.br/pub/Cursos/CursoHTML5/html5-web.pdf][1]\r\n\r\nCurso CSS3 - W3C\r\n[http://www.w3c.br/pub/Cursos/CursoCSS3/css-web.pdf][2]\r\n\r\nDec\u00e1logo da Web do W3C Brasil\r\n[http://www.w3c.br/decalogo][3]\r\n\r\n[1]: http://www.w3c.br/pub/Cursos/CursoHTML5/html5-web.pdf\r\n[2]: http://www.w3c.br/pub/Cursos/CursoCSS3/css-web.pdf\r\n[3]: http://www.w3c.br/decalogo"
    }
}
]
